tick,population,mean_wealth,gini,moran_i,mean_age,avg_displacement,avg_exploration,utilitarian_welfare,average_welfare,rawlsian_welfare,nash_welfare,welfare_gini,gini_adjusted_welfare,atkinson_index_05,atkinson_adjusted_05,survival_rate,mean_lifespan_utilization,welfare_std,welfare_median,welfare_max,welfare_min
10,4,14.0,0.1785714285714286,0.0,4.0,2.0,3.5,32.179245116095075,8.044811279023769,3.914867641168863,7.43380358495826,0.20249066722172615,6.415812075461377,0.03711519436769506,7.746226544751376,1.0,0.04498827561327562,2.997230238297154,7.954180231788988,12.356017011348237,3.914867641168863
20,4,16.0,0.1953125,-1.0602409638554218,4.75,1.0,2.0,26.545342274800092,6.636335568700023,1.7826024579660034,5.4231379043397006,0.2893245633012058,4.71628067836563,0.08563750015575022,6.068016380401864,1.0,0.06275165597454754,3.4816503734751674,7.054883457813492,10.652972901207104,1.7826024579660034
